{
  "timeStamp": 0,
  "signature": "92eda0b536fc004c04ec2850b0693400a8b0e0cf306111b157dba8ac8451a0bc5062188d04db0e73e6043ba2e94564be0dd4a4875ce2474643ff71f1e80c010c",
  "prevBlockHash": {
    "data": "0000000000000000000000000000000000000000000000000000000000000000"
  },
  "type": -1,
  "transactions": [
    {
      "timeStamp": 0,
      "amount": 900000000000000,
      "signature": "bd5c987144ecb331150adbdbb22211a5d886c90ea21c9b1ae1945175995c1dae20ca565551874fe74abd84f032776c21be77d716a608bd938844c871dfc0870b",
      "fee": 0,
      "recipient": "MANODEGZD6XTSM24BRMOPVWK6IMSVHBOAGVNAXBE",
      "mosaics": [],
      "type": 257,
      "deadline": 0,
      "message": {
        "payload": "476f6f64206c75636b21",
        "type": 1
      },
      "version": 1610612738,
      "signer": "57b4832d9232ee410e93d595207cffc2b9e9c5002472c4b0bb3bb10a4ce152e3"
    },
    {
      "timeStamp": 0,
      "amount": 900000000000000,
      "signature": "bf481e8874df7e9d6b193792f5df9679c2e972b11b07c8ddb01bed960b48508d11b4eead43fd3e7cd0c2b3e9b375f71527d00f33763ce6fab6d20791a0107a0b",
      "fee": 0,
      "recipient": "MANODEJNNQNDT6RHEI3QVQJBKJQTL45OVYIE2RGS",
      "mosaics": [],
      "type": 257,
      "deadline": 0,
      "message": {
        "payload": "476f6f64206c75636b21",
        "type": 1
      },
      "version": 1610612738,
      "signer": "57b4832d9232ee410e93d595207cffc2b9e9c5002472c4b0bb3bb10a4ce152e3"
    },
    {
      "timeStamp": 0,
      "amount": 900000000000000,
      "signature": "2b4f1f860cdbb9ea12f5b9311db305fd25a7726619fa9a61342751b69b7c8790a1f93b07307a08f98657f893c92c8dac42a36b116ea81706d4e62795361cbc05",
      "fee": 0,
      "recipient": "MANODEFTDLFGQC7GQZME5GXY3DS7ZNUXIQ4SO6FT",
      "mosaics": [],
      "type": 257,
      "deadline": 0,
      "message": {
        "payload": "476f6f64206c75636b21",
        "type": 1
      },
      "version": 1610612738,
      "signer": "57b4832d9232ee410e93d595207cffc2b9e9c5002472c4b0bb3bb10a4ce152e3"
    },
    {
      "timeStamp": 0,
      "amount": 900000000000000,
      "signature": "7a343d70cf785bbde1a935404ee0955a15f3eb8103331f21231fec503a5d2d2057d68ee4c231b558196154f9535e8edcf35118852530869da437ac4c050b7b02",
      "fee": 0,
      "recipient": "MANODEHADRCX4HIYUQI2TYEXULTJY7VF3TFZBGDP",
      "mosaics": [],
      "type": 257,
      "deadline": 0,
      "message": {
        "payload": "476f6f64206c75636b21",
        "type": 1
      },
      "version": 1610612738,
      "signer": "57b4832d9232ee410e93d595207cffc2b9e9c5002472c4b0bb3bb10a4ce152e3"
    },
    {
      "timeStamp": 0,
      "amount": 900000000000000,
      "signature": "0bdaf3a4c492630e97d637af1cadb6857322733ab190f91a54cff9eabc37f514bd4900ee37c7881e9256e688dc26ca8ac49fa9b0a8ce7e657684fd8f265ebc09",
      "fee": 0,
      "recipient": "MANODEIO3PHHCILWUNPAVHTHYEEJNQGK5WRNTPTV",
      "mosaics": [],
      "type": 257,
      "deadline": 0,
      "message": {
        "payload": "476f6f64206c75636b21",
        "type": 1
      },
      "version": 1610612738,
      "signer": "57b4832d9232ee410e93d595207cffc2b9e9c5002472c4b0bb3bb10a4ce152e3"
    },
    {
      "timeStamp": 0,
      "amount": 900000000000000,
      "signature": "01f683c540295c7cb0617119293152552020c38b127c5c2b61b4dadd91016a60d646d18aff9ba71eb5aa705ebdf16853a353e9ef63b0616f7b467f67a1d85809",
      "fee": 0,
      "recipient": "MANODED627CDWMIEZNN654CLCDFWAH2DMRIR6SVD",
      "mosaics": [],
      "type": 257,
      "deadline": 0,
      "message": {
        "payload": "476f6f64206c75636b21",
        "type": 1
      },
      "version": 1610612738,
      "signer": "57b4832d9232ee410e93d595207cffc2b9e9c5002472c4b0bb3bb10a4ce152e3"
    },
    {
      "timeStamp": 0,
      "amount": 900000000000000,
      "signature": "7148d2a7aaa5c9cf8e64a9f10f8ab8582b11c7de19d1116bb5b5f8177bfbc9486aeabf6f5281da556f0c366d94723a5c1b5dfbca06c8b9f360c6c09e9fd92d0c",
      "fee": 0,
      "recipient": "MANODEBORBBV6GO4TKFESMFBSUK7JJK3BIU3564P",
      "mosaics": [],
      "type": 257,
      "deadline": 0,
      "message": {
        "payload": "476f6f64206c75636b21",
        "type": 1
      },
      "version": 1610612738,
      "signer": "57b4832d9232ee410e93d595207cffc2b9e9c5002472c4b0bb3bb10a4ce152e3"
    },
    {
      "timeStamp": 0,
      "amount": 900000000000000,
      "signature": "832a09576c5d0df1c926c754040bb4512b930a9bb4c7a94be0781120ee8002443114ebbaf34636f069d67bc7145e90a81622d6a8f0399fd7ac1e59f112e07107",
      "fee": 0,
      "recipient": "MANODECYOPDTL45T6WGGSBGA6WN2LSTNTPVTWXPL",
      "mosaics": [],
      "type": 257,
      "deadline": 0,
      "message": {
        "payload": "476f6f64206c75636b21",
        "type": 1
      },
      "version": 1610612738,
      "signer": "57b4832d9232ee410e93d595207cffc2b9e9c5002472c4b0bb3bb10a4ce152e3"
    },
    {
      "timeStamp": 0,
      "amount": 900000000000000,
      "signature": "e390438a44b8b7e5af212dfc2be37557e96fd8e62fdf36f4914c7496c5f579d79a3377496c4169abde832503b4b4ef688649f5eaad4caaf6ed3b241aa0c68f00",
      "fee": 0,
      "recipient": "MANODEAHBTGH4YYZVLMCZ3RI7C6IXMHXZVEFTVKZ",
      "mosaics": [],
      "type": 257,
      "deadline": 0,
      "message": {
        "payload": "476f6f64206c75636b21",
        "type": 1
      },
      "version": 1610612738,
      "signer": "57b4832d9232ee410e93d595207cffc2b9e9c5002472c4b0bb3bb10a4ce152e3"
    },
    {
      "timeStamp": 0,
      "amount": 900000000000000,
      "signature": "04eb05893d8431ff87c52fae244ea3747dd411bc31b142cc58d6b73a20f757f1615a49088788562e1df78b5e83a7502db0286d773cbd4433ff87c82d9ef47105",
      "fee": 0,
      "recipient": "MANODEE24YVFXZPJT3K57IKID656QRQ4NALZWD4P",
      "mosaics": [],
      "type": 257,
      "deadline": 0,
      "message": {
        "payload": "476f6f64206c75636b21",
        "type": 1
      },
      "version": 1610612738,
      "signer": "57b4832d9232ee410e93d595207cffc2b9e9c5002472c4b0bb3bb10a4ce152e3"
    }
  ],
  "version": 1610612737,
  "signer": "57b4832d9232ee410e93d595207cffc2b9e9c5002472c4b0bb3bb10a4ce152e3",
  "height": 1
}
